id,first_name,last_name,email,gender,ip_address,Car,Year,Pais,Ciudad,Mobile
1,,Widmoor,owidmoor0@webnode.com,Male,166.161.187.166,,,,,
2,,Widmoor,owidmoor0@webnode.com,Male,166.161.187.166,,,,,
3,Dickie,Blaschek,dblaschek1@time.com,Male,162.251.14.149,,,,,
4,Maryl,Farthing,mfarthing2@pagesperso-orange.fr,Female,36.20.152.148,,,,,
5,Gunilla,Yedall,gyedall3@surveymonkey.com,Genderqueer,141.84.245.187,,,,,
6,Oberon,Townsend,otownsend4@psu.edu,Male,63.186.221.122,,,,,
7,Roslyn,Curtain,rcurtain5@artisteer.com,Female,196.23.185.11,,,,,
8,Dalston,Jocelyn,djocelyn6@imdb.com,Male,198.230.215.65,,,,,
9,Melloney,Readmire,mreadmire7@nba.com,Female,126.193.165.57,,,,,
10,Marlowe,Abramovicz,mabramovicz8@jimdo.com,Male,195.169.155.108,,,,,
11,Lefty,Sollitt,lsollitt9@zimbio.com,Genderqueer,128.101.190.109,,,,,
12,Silvain,Moehler,smoehlera@abc.net.au,Non-binary,126.147.24.116,,,,,
13,Nikolai,Kenion,nkenionb@google.es,Male,126.95.127.48,,,,,
14,Scotty,Flaonier,sflaonierc@youtube.com,Male,23.101.251.148,,,,,
15,Dahlia,Stangroom,dstangroomd@dailymotion.com,Female,60.99.255.105,,,,,
16,Ferdy,Benezet,fbenezete@discuz.net,Male,151.60.122.173,,,,,
17,Storm,Sleightholme,ssleightholmef@army.mil,Female,190.62.63.95,,,,,
18,Adler,Grahamslaw,agrahamslawg@cnbc.com,Male,86.4.5.181,,,,,
19,Fidel,Petrashkov,fpetrashkovh@goodreads.com,Male,182.143.175.43,,,,,
20,Fionna,Denholm,fdenholmi@dropbox.com,Female,77.16.182.3,,,,,
21,Byrann,Glascott,bglascottj@aol.com,Male,44.209.126.53,,,,,
22,,,bvedenichev0@tripadvisor.com,,,Sparrow,1999.0,,,
23,,,tscintsbury1@ycombinator.com,,,Canyon,2012.0,,,
24,,,ddunster2@seesaa.net,,,E250,2005.0,,,
25,,,hgriffith3@goo.gl,,,QX,2007.0,,,
26,,,wmccaughen4@parallels.com,,,G,2011.0,,,
27,,,ddelacroux5@google.es,,,Tacoma,2000.0,,,
28,,,ccowie6@prlog.org,,,TL,2007.0,,,
29,,,irayer7@photobucket.com,,,Grand Marquis,1998.0,,,
30,,,wblois8@senate.gov,,,Accent,2009.0,,,
31,,,rgudde9@salon.com,,,CX-7,2010.0,,,
32,,,tashbya@ebay.co.uk,,,Pajero,1993.0,,,
33,,,aanselmb@blog.com,,,Camry,2010.0,,,
34,,,ajunec@acquirethisname.com,,,Seville,2002.0,,,
35,,,ljenkind@biglobe.ne.jp,,,STS,2011.0,,,
36,,,tcastlese@mashable.com,,,Park Avenue,1994.0,,,
37,,,tprobeyf@infoseek.co.jp,,,Civic Si,2003.0,,,
38,,,randrewg@people.com.cn,,,X5,2011.0,,,
39,,,knoellh@people.com.cn,,,Highlander,2004.0,,,
40,,,gbarmei@gravatar.com,,,Yukon,2010.0,,,
41,,,ltoppesj@mapquest.com,,,Galant,2004.0,,,
42,,,cbilbrey0@virginia.edu,,,,,Poland,Sabnie,Feature phone
43,,,rscholte1@xinhuanet.com,,,,,Peru,Sucre,Feature phone
44,,,kmcfarland2@etsy.com,,,,,Indonesia,Bangunharja,Android 2.2
45,,,epentercost3@github.com,,,,,Poland,Wąpielsk,"Android 10, One UI 2.5"
46,,,kfinlator4@yale.edu,,,,,Portugal,Quebradas,Feature phone
47,,,jbilbrooke5@scribd.com,,,,,Nigeria,Badagry,"Android 4.3, EMUI 1.6"
48,,,lmailey6@bloglovin.com,,,,,Micronesia,Elato,Microsoft Windows Phone 7
49,,,druprich7@jiathis.com,,,,,France,Colmar,Android 7.0
50,,,gbright8@hc360.com,,,,,China,Fengtang,Feature phone
51,,,bcrone9@wordpress.com,,,,,Azerbaijan,Vurğun,"Android 9.0, ColorOS 6"
52,,,mgoatmana@census.gov,,,,,Bulgaria,Isperikh,Android 4.4.2
53,,,ctawtonb@bandcamp.com,,,,,Poland,Myślenice,Android 4.4.2
54,,,bhuntingtonc@dropbox.com,,,,,China,Guangfu,Android 6.0.1
55,,,qhathornd@dailymotion.com,,,,,Philippines,San Francisco,Android 6.0
56,,,wfanthomee@opera.com,,,,,Indonesia,Bugis,Android 5.0
57,,,bsantonf@icq.com,,,,,Colombia,Ocaña,Feature phone
58,,,jchallenorg@naver.com,,,,,United States,Norwalk,"Android 10, up to Android 11, Realme UI 2.0"
59,,,cringhamh@livejournal.com,,,,,Portugal,Meirinhas,Feature phone
60,,,fhemberi@ustream.tv,,,,,Portugal,Gandra,Android 4.4.4
61,,,cbilloj@creativecommons.org,,,,,Marshall Islands,Enewetak,Android 4.4.2
