id,first_name,last_name,email,gender,ip_address
4,,Widmoor,owidmoor0@webnode.com,Male,166.161.187.166
1,,Widmoor,owidmoor0@webnode.com,Male,166.161.187.166
1,,Widmoor,owidmoor0@webnode.com,Male,166.161.187.166
2,Dickie,Blaschek,dblaschek1@time.com,Male,162.251.14.149
2,Dickie,Blaschek,dblaschek1@time.com,Male,162.251.14.149
2,Dickie,Blaschek,dblaschek1@time.com,Male,162.251.14.149
2,Dickie,Blaschek,dblaschek1@time.com,Male,162.251.14.149
3,Maryl,Farthing,mfarthing2@pagesperso-orange.fr,Female,36.20.152.148
4,Gunilla,Yedall,gyedall3@surveymonkey.com,Genderqueer,141.84.245.187
5,Oberon,Townsend,otownsend4@psu.edu,Male,63.186.221.122
6,Roslyn,Curtain,rcurtain5@artisteer.com,Female,196.23.185.11
7,Dalston,Jocelyn,djocelyn6@imdb.com,Male,198.230.215.65
8,Melloney,Readmire,mreadmire7@nba.com,Female,126.193.165.57
9,Marlowe,Abramovicz,mabramovicz8@jimdo.com,Male,195.169.155.108
10,Lefty,Sollitt,lsollitt9@zimbio.com,Genderqueer,128.101.190.109
11,Silvain,Moehler,smoehlera@abc.net.au,Non-binary,126.147.24.116
12,Nikolai,Kenion,nkenionb@google.es,Male,126.95.127.48
13,Scotty,Flaonier,sflaonierc@youtube.com,Male,23.101.251.148
14,Dahlia,Stangroom,dstangroomd@dailymotion.com,Female,60.99.255.105
15,Ferdy,Benezet,fbenezete@discuz.net,Male,151.60.122.173
16,Storm,Sleightholme,ssleightholmef@army.mil,Female,190.62.63.95
17,Adler,Grahamslaw,agrahamslawg@cnbc.com,Male,86.4.5.181
18,Fidel,Petrashkov,fpetrashkovh@goodreads.com,Male,182.143.175.43
19,Fionna,Denholm,fdenholmi@dropbox.com,Female,77.16.182.3
20,Byrann,Glascott,bglascottj@aol.com,Male,44.209.126.53
